Workbook

Sheet JAN-25
B2: Business Dashboard | F2: Month: JAN-2025
B4: Marketing Statistics: | C4: Monthly | F4: Yearly
C5: Target(₹) | D5: Achieved(₹) | E5: % | F5: Target(₹) | G5: Achieved(₹) | H5: %
B6: Sales | C6: 620000 | D6: 321973 | E6: =D6/C6 -> 0.51931129 | F6: 620000 | G6: 321973 | H6: =D6/C6 -> 0.51931129
B7: Collection | C7: 220000 | D7: 111100 | E7: =D7/C7 -> 0.505 | F7: 220000 | G7: 111100 | H7: =G7/F7 -> 0.505
B16: Customer Onboarding:
B17: As on date (Existing) | C17: This Month (Newly Add) | E17: Total | G17: Repeat Order
B18: 28 | C18: 11 | E18: =B18+C18 -> 39 | G18: 3
B20: Highlights:
B21: 1. Das hardware ordered 81,592.00 as top sales.
B22: 2. Plumber meeting organised at Nigam sanitary.

Sheet FEB-25
B2: Business Dashboard | F2: Month: FEB-2025
B4: Marketing Statistics: | C4: Monthly | F4: Yearly
C5: Target(₹) | D5: Achieved(₹) | E5: % | F5: Target(₹) | G5: Achieved(₹) | H5: %
B6: Sales | C6: 510000 | D6: 451920.45 | E6: =D6/C6 -> 0.88611853 | F6: ='JAN-25'!C6+'FEB-25'!C6 -> 1130000 | G6: ='JAN-25'!D6+'FEB-25'!D6 -> 773893.45 | H6: =G6/F6 -> 0.68486146
B7: Collection | C7: 222000 | D7: 207410 | E7: =D7/C7 -> 0.93427928 | F7: ='JAN-25'!C7+'FEB-25'!C7 -> 442000 | G7: ='JAN-25'!D7+'FEB-25'!D7 -> 318510 | H7: =G7/F7 -> 0.72061086
B16: Customer Onboarding:
B17: As on date | C17: This Month (Newly Add) | E17: Total | G17: Repeat Order
B18: 39 | C18: 5 | E18: =B18+C18 -> 44 | G18: 7
B20: Highlights:
B21: 1. Barunei ordered 1,26,054 as top sales.

Sheet MAR-25
B2: Business Dashboard | F2: Month: MAR-2025
B4: Marketing Statistics: | C4: Monthly | F4: Yearly
C5: Target(₹) | D5: Achieved(₹) | E5: % | F5: Target(₹) | G5: Achieved(₹) | H5: %
B6: Sales | C6: 650000 | D6: 351515 | E6: =D6/C6 -> 0.54079231 | F6: ='JAN-25'!C6+'FEB-25'!C6+'MAR-25'!C6 -> 1780000 | G6: ='JAN-25'!D6+'FEB-25'!D6+'MAR-25'!D6 -> 1125408.4 | H6: =G6/F6 -> 0.63225194
B7: Collection | C7: 260000 | D7: 307751 | E7: =D7/C7 -> 1.1836577 | F7: ='JAN-25'!C7+'FEB-25'!C7+'MAR-25'!C7 -> 702000 | G7: ='JAN-25'!D7+'FEB-25'!D7+'MAR-25'!D7 -> 626261 | H7: =G7/F7 -> 0.89210969
B16: Customer Onboarding:
B17: As on date | C17: This Month (Newly Add) | E17: Total | G17: Repeat Order
B18: 44 | C18: 2 | E18: =B18+C18 -> 46 | G18: 2
B20: Highlights:
B21: 1. Pradhan Sanitary ordered 93,893 as top sales.

Sheet APR-25
B2: Business Dashboard | F2: Month: APR-2025
B4: Marketing Statistics: | C4: Monthly | F4: Yearly
C5: Target(₹) | D5: Achieved(₹) | E5: % | F5: Target(₹) | G5: Achieved(₹) | H5: %
B6: Sales | C6: 1430000 | D6: 227073.43 | E6: =D6/C6 -> 0.15879261 | F6: ='APR-25'!C6+'MAR-25'!F6 -> 3210000 | G6: =D6+'MAR-25'!G6 -> 1352481.9 | H6: =G6/F6 -> 0.42133392
B7: Collection | C7: 535000 | D7: 181311 | E7: =D7/C7 -> 0.33889907 | F7: =C7+'MAR-25'!F7 -> 1237000 | G7: =D7+'MAR-25'!G7 -> 807572 | H7: =G7/F7 -> 0.65284721
B16: Customer Onboarding:
B17: As on date | C17: This Month (Newly Add) | E17: Total | G17: Repeat Order
B18: 46 | C18: 5 | E18: =B18+C18 -> 51 | G18: 2
B20: Highlights:
B21: 1. Tarini Sanitary, Babar ordered 65,942 as top sales
B22: 2. Plumber meeting organised at Biswal Sanitary

Sheet MAY-25
B2: Business Dashboard | F2: Month: MAY-2025
B4: Marketing Statistics: | C4: Monthly | F4: Yearly
C5: Target(₹) | D5: Achieved(₹) | E5: % | F5: Target(₹) | G5: Achieved(₹) | H5: %
B6: Sales | C6: 1510000 | D6: 673893 | E6: =D6/C6 -> 0.44628675 | F6: ='JAN-25'!C6+'FEB-25'!C6+'MAR-25'!C6+'APR-25'!C6+'MAY-25'!C6 -> 4720000 | G6: ='JAN-25'!D6+'FEB-25'!D6+'MAR-25'!D6+'APR-25'!D6+'MAY-25'!D6 -> 2026374.9 | H6: =G6/F6 -> 0.42931671
B7: Collection | C7: 400000 | D7: 206705 | E7: =D7/C7 -> 0.5167625 | F7: ='JAN-25'!C7+'FEB-25'!C7+'MAR-25'!C7+'APR-25'!C7+'MAY-25'!C7 -> 1637000 | G7: ='JAN-25'!D7+'FEB-25'!D7+'MAR-25'!D7+'APR-25'!D7+'MAY-25'!D7 -> 1014277 | H7: =G7/F7 -> 0.61959499
B16: Customer Onboarding:
B17: As on date | C17: This Month (Newly Add) | E17: Total | G17: Repeat Order
B18: 51 | C18: 5 | E18: =B18+C18 -> 56 | G18: 2
B20: Highlights:
B21: 1. Tarini Sanitary, Babar ordered 65,942 as top asels.
B22: 2.Plumber meeting organised at Biswal Sanitary.

Sheet JUNE-25
B3: Business Dashboard | F3: Month: JUNE-2025
B5: Marketing Statistics: | C5: Monthly | F5: Yearly
C6: Target(₹) | D6: Achieved(₹) | E6: % | F6: Target(₹) | G6: Achieved(₹) | H6: %
B7: Sales | C7: 720000 | D7: 326768 | E7: =D7/C7 -> 0.45384444 | F7: ='MAY-25'!F6+'JUNE-25'!C7 -> 5440000 | G7: ='MAY-25'!G6+'JUNE-25'!D7 -> 2353142.9 | H7: =G7/F7 -> 0.43256303
B8: Collection | C8: 400000 | D8: 320832 | E8: =D8/C8 -> 0.80208 | F8: ='MAY-25'!F7+'JUNE-25'!C8 -> 2037000 | G8: ='MAY-25'!G7+'JUNE-25'!D8 -> 1335109 | H8: =G8/F8 -> 0.65542906
B17: Customer Onboarding:
B18: As on date | C18: This Month (Newly Add) | E18: Total | G18: Repeat Order
B19: 55 | C19: 7 | E19: =B19+C19 -> 62 | G19: 3
B21: Highlights:
B22: Mamata Saniatry, Gopalpur ordered 79,860 as top sales

Sheet JULY-25
B2: Business Dashboard | F2: Month: JULY-2025
B4: Marketing Statistics: | C4: Monthly | F4: Yearly
C5: Target(₹) | D5: Achieved(₹) | E5: % | F5: Target(₹) | G5: Achieved(₹) | H5: %
B6: Sales | C6: 390000 | D6: 55407 | E6: =D6/C6 -> 0.14206923 | F6: ='JUNE-25'!F7+'JULY-25'!C6 -> 5830000 | G6: ='JUNE-25'!G7+'JULY-25'!D6 -> 2408549.9 | H6: =G6/F6 -> 0.41313034
B7: Collection | C7: 295000 | D7: 174491 | E7: =D7/C7 -> 0.59149492 | F7: ='JUNE-25'!F8+'JULY-25'!C7 -> 2332000 | G7: ='JUNE-25'!G8+'JULY-25'!D7 -> 1509600 | H7: =G7/F7 -> 0.64734134
B16: Customer Onboarding:
B17: As on date | C17: This Month (Newly Add) | E17: Total | G17: Repeat Order
B18: 62 | C18: 3 | E18: =B18+C18 -> 65 | G18: 0
B20: Highlights:
B21: M/s Jagannath Sanitry & Hardware ordered 25,255 as top sales.

Sheet AUG-25
B2: Business Dashboard | F2: Month: AUG-2025
B4: Marketing Statistics: | C4: Monthly | F4: Yearly
C5: Target(₹) | D5: Achieved(₹) | E5: % | F5: Target(₹) | G5: Achieved(₹) | H5: %
B6: Sales | C6: 666500 | D6: 439520 | E6: =D6/C6 -> 0.65944486 | F6: 6496500 | G6: ='JULY-25'!G6+'AUG-25'!D6 -> 2848069.9 | H6: =G6/F6 -> 0.43840066
B7: Collection | C7: 697000 | D7: 167829 | E7: =D7/C7 -> 0.24078766 | F7: ='JULY-25'!F7+'AUG-25'!C7 -> 3029000 | G7: ='JULY-25'!G7+'AUG-25'!D7 -> 1677429 | H7: =G7/F7 -> 0.5537897
B16: Customer Onboarding:
B17: As on date | C17: This Month (Newly Add) | E17: Total | G17: Repeat Order
B18: 65 | C18: 4 | E18: =B18+C18 -> 69 | G18: 0
B20: Highlights:
B21: Parida sanitary ordered 1,03,581 as top sales.
B23: New Dealer Add
B24: Sl No | C24: Name
B25: 1 | C25: Basudev Sanitary
B26: 2 | C26: Sunita hard wear &sanitary
B27: 3 | C27: MAHAVIR SANITARIUM
B28: 4 | C28: Nilachal Supply

Sheet SEP-25
A1: Business Dashboard | E1: Month: SEP - 2025
A3: Marketing Statistics: | B3: Monthly | E3: Yearly
B4: Target(₹) | C4: Achieved(₹) | D4: % | E4: Target(₹) | F4: Achieved(₹) | G4: %
A5: Sales | B5: 594000 | C5: 285017.1 | D5: =C5/B5 -> 0.47982677 | E5: ='AUG-25'!F6+'SEP-25'!B5 -> 7090500 | F5: ='AUG-25'!G6+'SEP-25'!C5 -> 3133087 | G5: =F5/E5 -> 0.44187109
A6: Collection | B6: 980000 | C6: 220028 | D6: =C6/B6 -> 0.22451837 | E6: ='AUG-25'!F7+'SEP-25'!B6 -> 4009000 | F6: ='AUG-25'!G7+'SEP-25'!C6 -> 1897457 | G6: =F6/E6 -> 0.47329933
A15: Customer Onboarding:
A16: As on date | B16: This Month (Newly Add) | D16: Total | F16: Repeat Order
A17: 69 | B17: 2 | D17: =A17+B17 -> 71 | F17: 3
A19: Highlights:
A20: M/S Jagannath Sanitary Ordered 53110 As Top Sale
A21: M/S Rudra Sanitary Repeat Order - 3
A23: New Dealer Add
A24: Sl No | B24: Name
A25: 1 | B25: Gorekhanath Supply Agency
A26: 2 | B26: Hanuman Sanitary

Sheet OCT - 25
B2: Business Dashboard | F2: Month: OCT- 2025
B4: Marketing Statistics: | C4: Monthly | F4: Yearly
C5: Target(₹) | D5: Achieved(₹) | E5: % | F5: Target(₹) | G5: Achieved(₹) | H5: %
B6: Sales | C6: ='[1]OCT - 25'!$C$75 -> 711000 | D6: ='[1]OCT - 25'!$D$75 -> 467760 | E6: =D6/C6 -> 0.6578903 | F6: =C6+'SEP-25'!E5 -> 7801500 | G6: =D6+'SEP-25'!F5 -> 3600847 | H6: =G6/F6 -> 0.46155829
B7: Collection | C7: ='[1]OCT - 25'!$G$75 -> 1002500 | D7: ='[1]OCT - 25'!$H$75 -> 525678 | E7: =D7/C7 -> 0.52436708 | F7: =C7+'SEP-25'!F6 -> 2899957 | G7: =D7+'SEP-25'!F6 -> 2423135 | H7: =G7/F7 -> 0.83557618
B16: Customer Onboarding:
B17: As on date | C17: This Month (Newly Add) | E17: Total | G17: Repeat Order
B18: 71 | C18: 2 | E18: =B18+C18 -> 73

Sheet NOV - 25
B2: Business Dashboard | F2: Month: NOV- 2025
B4: Marketing Statistics: | C4: Monthly | F4: Yearly
C5: Target(₹) | D5: Achieved(₹) | E5: % | F5: Target(₹) | G5: Achieved(₹) | H5: %
B6: Sales | C6: ='[1]NOV - 25'!$D$70+'[1]NOV - 25'!$D$105+'[1]NOV - 25'!$D$127+'[1]NOV - 25'!$D$147+'[1]NOV - 25'!$D$165 -> 1016000 | D6: ='[1]NOV - 25'!$E$70+'[1]NOV - 25'!$E$105+'[1]NOV - 25'!$E$127+'[1]NOV - 25'!$E$147+'[1]NOV - 25'!$E$165 -> 475351 | E6: =D6/C6 -> 0.46786516 | F6: =C6+'OCT - 25'!F6 -> 8817500 | G6: =D6+'OCT - 25'!G6 -> 4076198 | H6: =G6/F6 -> 0.462285
B7: Collection | C7: ='[1]NOV - 25'!$H$70+'[1]NOV - 25'!$H$105+'[1]NOV - 25'!$H$127+'[1]NOV - 25'!$H$147+'[1]NOV - 25'!$H$165 -> 990449 | D7: ='[1]NOV - 25'!$I$70+'[1]NOV - 25'!$I$105+'[1]NOV - 25'!$I$127+'[1]NOV - 25'!$I$147+'[1]NOV - 25'!$I$165 -> 379025 | E7: =D7/C7 -> 0.38267998 | F7: =C7+'OCT - 25'!F7 -> 3890406 | G7: =D7+'OCT - 25'!G7 -> 2802160 | H7: =G7/F7 -> 0.72027444
B16: Customer Onboarding:
B17: As on date | D17: This Month (Newly Add) | G17: Total
B18: 73 | D18: 10 | G18: =B18+D18 -> 83 | K18: 73
B20: Highlights:
B21: Sales Achieved: Kendrapara=301511, Jajpur=9411, Bhadrak= 6565, Jagatsinghpur=95857 , Jharsuguda=62004 | H21: TOTAL= 475351
B22: Collection Achieved: Kendrapara= 286383 , Jajpur= 4000 , Bhadrak= 00 , Jagatsinghpur= 72005, Jharsuguda= 16637 | H22: TOTAL= 379025
B23: Das Hardware ordered -73725 As Top Sale
B24: Parida Sanitary Ordered - 33000 As Top Collection

Sheet DEC - 25
B2: Business Dashboard | F2: Month: Dec- 2025
B4: Marketing Statistics: | C4: Monthly | F4: Yearly
C5: Target(₹) | D5: Achieved(₹) | E5: % | F5: Target(₹) | G5: Achieved(₹) | H5: %
B6: Sales | C6: ='[1]DEC -2025'!$D$72+'[1]DEC -2025'!$D$92+'[1]DEC -2025'!$D$112+'[1]DEC -2025'!$D$145+'[1]DEC -2025'!$D$166 -> 860000 | D6: ='[1]DEC -2025'!$E$166+'[1]DEC -2025'!$E$145+'[1]DEC -2025'!$E$112+'[1]DEC -2025'!$E$92+'[1]DEC -2025'!$E$72 -> 417010 | E6: =D6/C6 -> 0.48489535 | F6: =C6+'NOV - 25'!F6 -> 9677500 | G6: =D6+'NOV - 25'!G6 -> 4493208 | H6: =G6/F6 -> 0.46429429
B7: Collection | C7: ='[1]DEC -2025'!$H$72+'[1]DEC -2025'!$H$92+'[1]DEC -2025'!$H$112+'[1]DEC -2025'!$H$145+'[1]DEC -2025'!$H$166 -> 1086000 | D7: ='[1]DEC -2025'!$I$72+'[1]DEC -2025'!$I$92+'[1]DEC -2025'!$I$112+'[1]DEC -2025'!$I$145+'[1]DEC -2025'!$I$166 -> 375981 | E7: =D7/C7 -> 0.34620718 | F7: ='DEC - 25'!C7+'NOV - 25'!F7 -> 4976406 | G7: =D7+'NOV - 25'!G7 -> 3178141 | H7: =G7/F7 -> 0.63864182
B16: Customer Onboarding:
B17: As on date | D17: This Month (Newly Add) | G17: Total
B18: 83 | D18: 1 | G18: =B18+D18 -> 84
B20: Highlights:
B21: Sales Achieved: Kendrapara=315619, Jajpur=8427 , Bhadrak= 00, Jagatsinghpur=78048 , Jharsuguda= 14610 | H21: TOTAL= 416704
B22: Collection Achieved: Kendrapara= 254952 , Jajpur= 00 , Bhadrak= 00 , Jagatsinghpur= 69692, Jharsuguda= 51337 | H22: TOTAL= 375981
B23: Depak Sanitary Ordered 90701 As Top Sale
B24: Pradhana Enterprises Ordered 24000 As Top Collection
B25: Depak Sanitary Newly Ad

Sheet Yearly Summary
B2: Sales:
B4: Month | C4: Sales Target(₹) | D4: Achieved(₹) | E4: %
B5: 45658 | C5: ='JAN-25'!C6 -> 620000 | D5: ='JAN-25'!D6 -> 321973 | E5: =D5/C5 -> 0.51931129
B6: 45689 | C6: ='FEB-25'!C6 -> 510000 | D6: ='FEB-25'!D6 -> 451920.45 | E6: =D6/C6 -> 0.88611853
B7: 45717 | C7: ='MAR-25'!C6 -> 650000 | D7: ='MAR-25'!D6 -> 351515 | E7: =D7/C7 -> 0.54079231
B8: 45748 | C8: ='APR-25'!C6 -> 1430000 | D8: ='APR-25'!D6 -> 227073.43 | E8: =D8/C8 -> 0.15879261
B9: 45778 | C9: ='MAY-25'!C6 -> 1510000 | D9: ='MAY-25'!D6 -> 673893 | E9: =D9/C9 -> 0.44628675
B10: 45809 | C10: ='JUNE-25'!C7 -> 720000 | D10: ='JUNE-25'!D7 -> 326768 | E10: =D10/C10 -> 0.45384444
B11: 45839 | C11: ='JULY-25'!C6 -> 390000 | D11: ='JULY-25'!D6 -> 55407 | E11: =D11/C11 -> 0.14206923
B12: 45870 | C12: ='AUG-25'!C6 -> 666500 | D12: ='AUG-25'!D6 -> 439520 | E12: =D12/C12 -> 0.65944486
B13: 45901 | C13: ='SEP-25'!B5 -> 594000 | D13: 285017.1 | E13: =D13/C13 -> 0.47982677
B14: 45931 | C14: ='OCT - 25'!C6 -> 711000 | D14: ='OCT - 25'!D6 -> 467760 | E14: =D14/C14 -> 0.6578903
B15: 45962 | C15: ='NOV - 25'!C6 -> 1016000 | D15: ='NOV - 25'!D6 -> 475351 | E15: =D15/C15 -> 0.46786516
B16: 45992 | C16: ='DEC - 25'!C6 -> 860000 | D16: ='DEC - 25'!D6 -> 417010 | E16: =D16/C16 -> 0.48489535
B19: Collection:
B21: Month | C21: Coll. Target(₹) | D21: Achieved(₹) | E21: %
B22: 45658 | C22: ='JAN-25'!C7 -> 220000 | D22: ='JAN-25'!D7 -> 111100 | E22: =D22/C22 -> 0.505
B23: 45689 | C23: ='FEB-25'!C7 -> 222000 | D23: ='FEB-25'!D7 -> 207410 | E23: =D23/C23 -> 0.93427928
B24: 45717 | C24: ='MAR-25'!C7 -> 260000 | D24: ='MAR-25'!D7 -> 307751 | E24: =D24/C24 -> 1.1836577
B25: 45748 | C25: ='APR-25'!C7 -> 535000 | D25: ='APR-25'!D7 -> 181311 | E25: =D25/C25 -> 0.33889907
B26: 45778 | C26: ='MAY-25'!C7 -> 400000 | D26: ='MAY-25'!D7 -> 206705 | E26: =D26/C26 -> 0.5167625
B27: 45809 | C27: ='JUNE-25'!C8 -> 400000 | D27: ='JUNE-25'!D8 -> 320832 | E27: =D27/C27 -> 0.80208
B28: 45839 | C28: ='JULY-25'!C7 -> 295000 | D28: ='JULY-25'!D7 -> 174491 | E28: =D28/C28 -> 0.59149492
B29: 45870 | C29: ='AUG-25'!C7 -> 697000 | D29: ='AUG-25'!D7 -> 167829 | E29: =D29/C29 -> 0.24078766
B30: 45901 | C30: ='SEP-25'!B6 -> 980000 | D30: 220028 | E30: =D30/C30 -> 0.22451837
B31: 45931 | C31: ='OCT - 25'!C7 -> 1002500 | D31: ='OCT - 25'!D7 -> 525678 | E31: =D31/C31 -> 0.52436708
B32: 45962 | C32: ='NOV - 25'!C7 -> 990449 | D32: ='NOV - 25'!D7 -> 379025 | E32: =D32/C32 -> 0.38267998
B33: 45992 | C33: ='DEC - 25'!C7 -> 1086000 | D33: ='DEC - 25'!D7 -> 375981 | E33: =D33/C33 -> 0.34620718

Sheet JAN - 2026
B2: Business Dashboard | F2: Month:- Jan - 2026
B4: Marketing Statistics: | C4: Monthly | F4: Yearly
C5: Target(₹) | D5: Achieved(₹) | E5: % | F5: Target(₹) | G5: Achieved(₹) | H5: %
B6: Sales | C6: ='[1]Jan-26'!$D$72+'[1]Jan-26'!$D$86+'[1]Jan-26'!$D$102+'[1]Jan-26'!$D$132+'[1]Jan-26'!$D$153 -> 983000 | D6: ='[1]Jan-26'!$E$72+'[1]Jan-26'!$E$86+'[1]Jan-26'!$E$102+'[1]Jan-26'!$E$132+'[1]Jan-26'!$E$153 -> 667635 | E6: =D6/C6 -> 0.67918108 | F6: =C6 -> 983000 | G6: =D6 -> 667635 | H6: =G6/F6 -> 0.67918108
B7: Collection | C7: ='[1]Jan-26'!$H$72+'[1]Jan-26'!$H$86+'[1]Jan-26'!$H$102+'[1]Jan-26'!$H$132+'[1]Jan-26'!$H$153 -> 1233388 | D7: ='[1]Jan-26'!$I$72+'[1]Jan-26'!$I$86+'[1]Jan-26'!$I$102+'[1]Jan-26'!$I$132+'[1]Jan-26'!$I$153 -> 408960 | E7: =D7/C7 -> 0.33157449 | F7: =C7 -> 1233388 | G7: =D7 -> 408960 | H7: =G7/F7 -> 0.33157449
B17: Customer Onboarding:
B18: As on date | D18: This Month (Newly Add) | G18: Total
B19: 83 | D19: 3 | G19: =B19+D19 -> 86
B21: Highlights:
B22: Sales Achieved: Kendrapara= 296829, Jajpur=00 , Bhadrak= 3906, Jagatsinghpur=341040 , Jharsuguda= 25860 | H22: TOTAL= 416704
B23: Collection Achieved: Kendrapara= 281396 , Jajpur= 1500 , Bhadrak= 3906, Jagatsinghpur= 97876, Jharsuguda= 24282 | H23: TOTAL= 375981

Sheet Feb -2026
B2: Business Dashboard | F2: Month:- Jan - 2026
B4: Marketing Statistics: | C4: Monthly | F4: Yearly
C5: Target(₹) | D5: Achieved(₹) | E5: % | F5: Target(₹) | G5: Achieved(₹) | H5: %
B6: Sales | C6: ='[1]FEB - 26'!$D$73+'[1]FEB - 26'!$D$87+'[1]FEB - 26'!$D$102+'[1]FEB - 26'!$D$129+'[1]FEB - 26'!$D$151 -> 866000 | D6: ='[1]FEB - 26'!$E$73+'[1]FEB - 26'!$E$87+'[1]FEB - 26'!$E$102+'[1]FEB - 26'!$E$129+'[1]FEB - 26'!$E$151 -> 715262 | E6: =D6/C6 -> 0.82593764 | F6: =C6+'JAN - 2026'!F6 -> 1849000 | G6: =D6+'JAN - 2026'!G6 -> 1382897 | H6: =G6/F6 -> 0.74791617
B7: Collection | C7: ='[1]FEB - 26'!$H$73+'[1]FEB - 26'!$H$87+'[1]FEB - 26'!$H$102+'[1]FEB - 26'!$H$129+'[1]FEB - 26'!$H$151 -> 1356831 | D7: ='[1]FEB - 26'!$I$73+'[1]FEB - 26'!$I$87+'[1]FEB - 26'!$I$102+'[1]FEB - 26'!$I$129+'[1]FEB - 26'!$I$151 -> 674510 | E7: =D7/C7 -> 0.4971216 | F7: =C7+'JAN - 2026'!F7 -> 2590219 | G7: =D7+'JAN - 2026'!G7 -> 1083470 | H7: =G7/F7 -> 0.41829282
B17: Customer Onboarding:
B18: As on date | D18: This Month (Newly Add) | G18: Total
B19: 86 | D19: 4 | G19: =B19+D19 -> 90
B21: Highlights:
B22: Sales Achieved: Kendrapara=385671 , Jajpur=00 , Bhadrak= 00, Jagatsinghpur=266132 , Jharsuguda= 63459 | H22: TOTAL= 715262
B23: Collection Achieved: Kendrapara= 323040, Jajpur=4000 , Bhadrak= 00, Jagatsinghpur=297697 , Jharsuguda= 49773 | H23: TOTAL= 674510

Sheet March - 2026
B2: Business Dashboard | F2: Month:- Jan - 2026
B4: Marketing Statistics: | C4: Monthly | F4: Yearly
C5: Target(₹) | D5: Achieved(₹) | E5: % | F5: Target(₹) | G5: Achieved(₹) | H5: %
B6: Sales | C6: ='[1]March -2026'!$D$70+'[1]March -2026'!$D$84+'[1]March -2026'!$D$99+'[1]March -2026'!$D$126+'[1]March -2026'!$D$144 -> 768000 | D6: ='[1]March -2026'!$E$70+'[1]March -2026'!$E$84+'[1]March -2026'!$E$99+'[1]March -2026'!$E$126+'[1]March -2026'!$E$144 -> 869738 | E6: =D6/C6 -> 1.1324714 | F6: =C6+'Feb -2026'!F6 -> 2617000 | G6: =D6+'Feb -2026'!G6 -> 2252635 | H6: =G6/F6 -> 0.86076997
B7: Collection | C7: ='[1]March -2026'!$H$70+'[1]March -2026'!$H$84+'[1]March -2026'!$H$99+'[1]March -2026'!$H$126+'[1]March -2026'!$H$144 -> 1340137 | D7: ='[1]March -2026'!$I$70+'[1]March -2026'!$I$84+'[1]March -2026'!$I$99+'[1]March -2026'!$I$126+'[1]March -2026'!$I$144 -> 816404 | E7: =D7/C7 -> 0.60919443 | F7: =C7+'Feb -2026'!F7 -> 3930356 | G7: =D7+'Feb -2026'!G7 -> 1899874 | H7: =G7/F7 -> 0.48338471
B16: Customer Onboarding:
B17: As on date | D17: This Month (Newly Add) | G17: Total
B18: 90 | D18: 2 | G18: =B18+D18 -> 92
B20: Highlights:
B21: Sales Achieved: Kendrapara=327556 , Jajpur=00 , Bhadrak= 5726, Jagatsinghpur=301751 , Jharsuguda= 234705 | H21: TOTAL= 869738
B22: Collection Achieved: Kendrapara= 394923, Jajpur=3000 , Bhadrak= 5726, Jagatsinghpur=264320 , Jharsuguda= 148435 | H22: TOTAL= 816404
B23: Sanitary Ordered 90701 As Top Sale

Sheet April -2026
B2: Business Dashboard | F2: Month:- Apr - 2026
B4: Marketing Statistics: | C4: Monthly | F4: Yearly
C5: Target(₹) | D5: Achieved(₹) | E5: % | F5: Target(₹) | G5: Achieved(₹) | H5: %
B6: Sales | C6: ='[1]Apr -2026'!$D$76+'[1]Apr -2026'!$D$103+'[1]Apr -2026'!$D$117+'[1]Apr -2026'!$D$132+'[1]Apr -2026'!$D$153 -> 1050000 | D6: ='[1]Apr -2026'!$E$76+'[1]Apr -2026'!$E$103+'[1]Apr -2026'!$E$117+'[1]Apr -2026'!$E$132+'[1]Apr -2026'!$E$153 -> 863300 | E6: =D6/C6 -> 0.82219048 | F6: =C6+'March - 2026'!F6 -> 3667000 | G6: =D6+'March - 2026'!G6 -> 3115935 | H6: =G6/F6 -> 0.84972321
B7: Collection | C7: ='[1]Apr -2026'!$H$76+'[1]Apr -2026'!$H$103+'[1]Apr -2026'!$H$117+'[1]Apr -2026'!$H$132+'[1]Apr -2026'!$H$153 -> 1454853 | D7: ='[1]Apr -2026'!$I$76+'[1]Apr -2026'!$I$103+'[1]Apr -2026'!$I$117+'[1]Apr -2026'!$I$132+'[1]Apr -2026'!$I$153 -> 681012 | E7: =D7/C7 -> 0.46809678 | F7: =C7+'March - 2026'!F7 -> 5385209 | G7: =D7+'March - 2026'!G7 -> 2580886 | H7: =G7/F7 -> 0.47925457
K14: .
B16: Customer Onboarding:
B17: As on date | D17: This Month (Newly Add) | G17: Total
B18: 92 | D18: 5 | G18: =B18+D18 -> 97
B20: Highlights:
B21: Sales Achieved: Kendrapara=7,41,667 , Jajpur=00 , Bhadrak= 00, Jagatsinghpur=13995 , Jharsuguda= 1,07,638 | H21: TOTAL= 863300
B22: Collection Achieved: Kendrapara= 435825, Jajpur=2800 , Bhadrak= 00, Jagatsinghpur=130500 , Jharsuguda= 111887 | H22: TOTAL= 681012
B23: 5 Dealer Newly Ad

Sheet Yearly Summary -2026
B2: Sales:
B4: Month | C4: Sales Target(₹) | D4: Achieved(₹) | E4: %
B5: 46023 | C5: ='JAN - 2026'!C6 -> 983000 | D5: ='JAN - 2026'!D6 -> 667635 | E5: =D5/C5 -> 0.67918108
B6: 46054 | C6: ='Feb -2026'!C6 -> 866000 | D6: ='Feb -2026'!D6 -> 715262 | E6: =D6/C6 -> 0.82593764
B7: 46082 | C7: ='March - 2026'!C6 -> 768000 | D7: ='March - 2026'!D6 -> 869738 | E7: =D7/C7 -> 1.1324714
B8: 46113 | C8: ='April -2026'!C6 -> 1050000 | D8: ='April -2026'!D6 -> 863300 | E8: =D8/C8 -> 0.82219048
B9: 46143 | E9: =D9/C9 -> #DIV/0!
B10: 46174 | E10: =D10/C10 -> #DIV/0!
B11: 46204 | E11: =D11/C11 -> #DIV/0!
B12: 46235 | E12: =D12/C12 -> #DIV/0!
B13: 46266 | E13: =D13/C13 -> #DIV/0!
B14: 46296 | E14: =D14/C14 -> #DIV/0!
B15: 46327 | E15: =D15/C15 -> #DIV/0!
B16: 46357 | E16: =D16/C16 -> #DIV/0!
B19: Collection:
B21: Month | C21: Coll. Target(₹) | D21: Achieved(₹) | E21: %
B22: 46023 | C22: ='JAN - 2026'!C7 -> 1233388 | D22: ='JAN - 2026'!D7 -> 408960 | E22: =D22/C22 -> 0.33157449
B23: 46054 | C23: ='Feb -2026'!C7 -> 1356831 | D23: ='Feb -2026'!D7 -> 674510 | E23: =D23/C23 -> 0.4971216
B24: 46082 | C24: ='March - 2026'!C7 -> 1340137 | D24: ='March - 2026'!D7 -> 816404 | E24: =D24/C24 -> 0.60919443
B25: 46113 | C25: ='April -2026'!C7 -> 1454853 | D25: ='April -2026'!D7 -> 681012 | E25: =D25/C25 -> 0.46809678
B26: 46143 | E26: =D26/C26 -> #DIV/0!
B27: 46174 | E27: =D27/C27 -> #DIV/0!
B28: 46204 | E28: =D28/C28 -> #DIV/0!
B29: 46235 | E29: =D29/C29 -> #DIV/0!
B30: 46266 | E30: =D30/C30 -> #DIV/0!
B31: 46296 | E31: =D31/C31 -> #DIV/0!
B32: 46327 | E32: =D32/C32 -> #DIV/0!
B33: 46357 | E33: =D33/C33 -> #DIV/0!

Sheet Sheet6
